<?xml version="1.0" encoding="UTF-8"?>
<project-private xmlns="http://www.netbeans.org/ns/project-private/1">
    <editor-bookmarks xmlns="http://www.netbeans.org/ns/editor-bookmarks/2" lastBookmarkId="0"/>
    <open-files xmlns="http://www.netbeans.org/ns/projectui-open-files/2">
        <group>
            <file>file:/C:/Users/HP%20BY%20COMCOM/Desktop/New%20Folder/Library_Menagement_System/src/jFrame/SignupPage.java</file>
            <file>file:/C:/Users/HP%20BY%20COMCOM/Desktop/New%20Folder/Library_Menagement_System/src/jFrame/IssueBook.java</file>
            <file>file:/C:/Users/HP%20BY%20COMCOM/Desktop/New%20Folder/Library_Menagement_System/src/jFrame/ViewAllRecord.java</file>
            <file>file:/C:/Users/HP%20BY%20COMCOM/Desktop/New%20Folder/Library_Menagement_System/src/jFrame/ManageStudents.java</file>
            <file>file:/C:/Users/HP%20BY%20COMCOM/Desktop/New%20Folder/Library_Menagement_System/src/jFrame/DBConnection.java</file>
            <file>file:/C:/Users/HP%20BY%20COMCOM/Desktop/New%20Folder/Library_Menagement_System/src/jFrame/IssuebookDetails.java</file>
            <file>file:/C:/Users/HP%20BY%20COMCOM/Desktop/New%20Folder/Library_Menagement_System/src/jFrame/ManageBook.java</file>
        </group>
    </open-files>
</project-private>
